Country Group;Department;Subclass;Store Category;Total Stores Count;Avg Stcl Cnt;Store Count;Demand Avg;Demand Avg With Min/Max;Avg Stcl Cnt Max;Store Count;Demand Max;Demand Max With Min/Max;Avg Wsp Alokacyjny;Max Wsp Alokacyjny;Avg Wsp Alokacyjny With Min/Max;Max Wsp Alokacyjny With Min/Max
Non-UE;ladies' CROPP;t-shirts_s_s;A;11;137;10;84,34;84,34;20;10;232,73;232,73;7,67;21,16;7,67;21,16
Non-UE;ladies' CROPP;t-shirts_s_s;B;5;136;4;23,79;23,79;20;4;59,44;59,44;4,76;11,89;4,76;11,89
Non-UE;ladies' CROPP;t-shirts_s_s;C;7;118;7;31,04;31,04;17;7;77,84;77,84;4,43;11,12;4,43;11,12
Non-UE;ladies' CROPP;t-shirts_s_s;D;1;143;1;2,92;3,00;21;1;8,38;8,38;2,92;8,38;3,00;8,38
RUSSIA;ladies' CROPP;t-shirts_s_s;A;18;149;18;169,28;169,28;22;18;516,33;516,33;9,40;28,69;9,40;28,69
RUSSIA;ladies' CROPP;t-shirts_s_s;B;31;119;31;182,95;183,32;18;31;489,68;489,68;5,90;15,80;5,91;15,80
RUSSIA;ladies' CROPP;t-shirts_s_s;C;25;90;25;102,74;103,08;13;25;266,92;266,92;4,11;10,68;4,12;10,68
RUSSIA;ladies' CROPP;t-shirts_s_s;D;4;66;4;9,96;12,38;9;4;28,97;28,97;2,49;7,24;3,09;7,24
UE;ladies' CROPP;t-shirts_s_s;A;27;162;26;260,64;260,64;24;26;691,08;691,08;9,65;25,60;9,65;25,60
UE;ladies' CROPP;t-shirts_s_s;B;95;151;95;614,03;614,03;22;95;1528,16;1528,16;6,46;16,09;6,46;16,09
UE;ladies' CROPP;t-shirts_s_s;C;99;131;92;528,52;530,57;19;92;1200,31;1200,31;5,34;12,12;5,36;12,12
UE;ladies' CROPP;t-shirts_s_s;D;52;106;46;189,58;202,00;16;46;465,89;467,92;3,65;8,96;3,88;9,00
Non-UE;ladies' CROPP;t-shirts_l_s;A;4;10;3;10,00;13,12;1;3;23,15;23,15;2,50;5,79;3,28;5,79
Non-UE;ladies' CROPP;t-shirts_l_s;B;6;5;5;10,21;18,00;1;5;28,51;29,78;1,70;4,75;3,00;4,96
Non-UE;ladies' CROPP;t-shirts_l_s;C;14;4;9;12,14;42,00;1;9;26,77;48,08;0,87;1,91;3,00;3,43
RUSSIA;ladies' CROPP;t-shirts_l_s;A;10;11;10;32,07;36,62;1;10;88,69;88,69;3,21;8,87;3,66;8,87
RUSSIA;ladies' CROPP;t-shirts_l_s;B;24;9;24;46,04;74,14;1;24;134,03;140,94;1,92;5,58;3,09;5,87
RUSSIA;ladies' CROPP;t-shirts_l_s;C;42;4;39;62,36;134,10;1;39;143,63;184,54;1,48;3,42;3,19;4,39
RUSSIA;ladies' CROPP;t-shirts_l_s;D;2;6;2;2,28;6,00;1;2;8,73;9,90;1,14;4,36;3,00;4,95
UE;ladies' CROPP;t-shirts_l_s;A;43;10;42;132,65;152,75;1;42;339,81;340,72;3,08;7,90;3,55;7,92
UE;ladies' CROPP;t-shirts_l_s;B;104;8;94;251,46;352,12;1;94;627,01;652,02;2,42;6,03;3,39;6,27
UE;ladies' CROPP;t-shirts_l_s;C;73;4;61;156,40;264,72;1;61;299,21;363,34;2,14;4,10;3,63;4,98
UE;ladies' CROPP;t-shirts_l_s;D;53;2;39;117,99;205,02;1;39;172,28;240,31;2,23;3,25;3,87;4,53
Non-UE;ladies' CROPP;t-shirts_sleeveless;A;10;13;8;16,18;31,53;2;8;44,83;50,04;1,62;4,48;3,15;5,00
Non-UE;ladies' CROPP;t-shirts_sleeveless;B;6;12;5;4,71;18,00;2;5;19,42;23,11;0,79;3,24;3,00;3,85
Non-UE;ladies' CROPP;t-shirts_sleeveless;C;8;4;8;10,93;24,12;1;8;24,43;31,68;1,37;3,05;3,01;3,96
RUSSIA;ladies' CROPP;t-shirts_sleeveless;A;16;19;16;37,07;53,31;2;16;150,70;152,75;2,32;9,42;3,33;9,55
RUSSIA;ladies' CROPP;t-shirts_sleeveless;B;33;13;33;45,98;100,60;2;33;195,85;204,85;1,39;5,93;3,05;6,21
RUSSIA;ladies' CROPP;t-shirts_sleeveless;C;23;4;20;13,10;69,00;1;20;42,36;79,54;0,57;1,84;3,00;3,46
RUSSIA;ladies' CROPP;t-shirts_sleeveless;D;6;3;6;1,26;18,00;1;6;3,77;18,00;0,21;0,63;3,00;3,00
UE;ladies' CROPP;t-shirts_sleeveless;A;32;24;32;106,41;121,19;3;32;349,87;349,87;3,33;10,93;3,79;10,93
UE;ladies' CROPP;t-shirts_sleeveless;B;90;19;84;211,01;290,20;2;84;734,59;736,57;2,34;8,16;3,22;8,18
UE;ladies' CROPP;t-shirts_sleeveless;C;100;11;92;191,87;323,12;1;92;693,04;706,23;1,92;6,93;3,23;7,06
UE;ladies' CROPP;t-shirts_sleeveless;D;51;5;42;44,51;155,22;1;42;169,52;219,97;0,87;3,32;3,04;4,31
Non-UE;ladies' CROPP;shirts_l_s;A;1;43;1;6,26;6,26;6;1;18,20;18,20;6,26;18,20;6,26;18,20
Non-UE;ladies' CROPP;shirts_l_s;B;6;37;5;47,44;47,44;5;5;144,83;144,83;7,91;24,14;7,91;24,14
Non-UE;ladies' CROPP;shirts_l_s;C;8;38;7;47,20;47,20;5;7;132,47;132,47;5,90;16,56;5,90;16,56
Non-UE;ladies' CROPP;shirts_l_s;D;9;36;9;41,63;41,63;5;9;113,22;113,22;4,63;12,58;4,63;12,58
RUSSIA;ladies' CROPP;shirts_l_s;A;5;53;5;44,26;44,26;7;5;138,14;138,14;8,85;27,63;8,85;27,63
RUSSIA;ladies' CROPP;shirts_l_s;B;17;44;17;84,46;86,39;6;17;247,53;247,53;4,97;14,56;5,08;14,56
RUSSIA;ladies' CROPP;shirts_l_s;C;33;39;33;116,79;119,58;5;33;350,10;350,10;3,54;10,61;3,62;10,61
RUSSIA;ladies' CROPP;shirts_l_s;D;23;31;23;65,67;72,09;4;23;197,59;197,59;2,86;8,59;3,13;8,59
UE;ladies' CROPP;shirts_l_s;A;50;59;49;380,98;380,98;8;49;1276,22;1276,22;7,62;25,52;7,62;25,52
UE;ladies' CROPP;shirts_l_s;B;108;54;106;572,79;580,85;8;106;1723,49;1723,49;5,30;15,96;5,38;15,96
UE;ladies' CROPP;shirts_l_s;C;90;46;82;381,82;384,95;6;82;1059,76;1059,76;4,24;11,78;4,28;11,78
UE;ladies' CROPP;shirts_l_s;D;25;34;22;72,36;86,30;5;22;210,48;213,89;2,89;8,42;3,45;8,56
Non-UE;ladies' CROPP;sweaters;A;4;23;3;32,19;32,19;3;3;70,45;70,45;8,05;17,61;8,05;17,61
Non-UE;ladies' CROPP;sweaters;B;8;26;7;38,65;38,81;4;7;81,60;81,60;4,83;10,20;4,85;10,20
Non-UE;ladies' CROPP;sweaters;C;8;20;8;34,26;34,81;3;8;78,13;78,13;4,28;9,77;4,35;9,77
Non-UE;ladies' CROPP;sweaters;D;4;20;4;10,44;12,66;3;4;27,92;27,92;2,61;6,98;3,16;6,98
RUSSIA;ladies' CROPP;sweaters;A;26;28;26;193,97;193,97;4;26;450,61;450,61;7,46;17,33;7,46;17,33
RUSSIA;ladies' CROPP;sweaters;B;22;26;22;98,77;99,16;4;22;230,07;230,07;4,49;10,46;4,51;10,46
RUSSIA;ladies' CROPP;sweaters;C;24;25;24;82,53;88,19;3;24;212,85;212,85;3,44;8,87;3,67;8,87
RUSSIA;ladies' CROPP;sweaters;D;6;20;6;13,26;18,14;3;6;39,15;39,15;2,21;6,53;3,02;6,53
UE;ladies' CROPP;sweaters;A;26;31;26;177,20;178,17;4;26;445,78;445,78;6,82;17,15;6,85;17,15
UE;ladies' CROPP;sweaters;B;104;31;99;509,91;515,11;4;99;1203,29;1206,44;4,90;11,57;4,95;11,60
UE;ladies' CROPP;sweaters;C;99;30;91;386,67;401,84;4;91;943,14;947,35;3,91;9,53;4,06;9,57
UE;ladies' CROPP;sweaters;D;44;23;42;130,42;151,80;3;42;345,89;347,70;2,96;7,86;3,45;7,90
Non-UE;ladies' CROPP;jogging_tops;A;3;60;2;27,52;27,52;9;2;84,68;84,68;9,17;28,23;9,17;28,23
Non-UE;ladies' CROPP;jogging_tops;B;7;64;7;45,33;45,33;9;7;118,47;118,47;6,48;16,92;6,48;16,92
Non-UE;ladies' CROPP;jogging_tops;C;2;49;1;8,85;8,85;7;1;22,89;22,89;4,42;11,44;4,42;11,44
Non-UE;ladies' CROPP;jogging_tops;D;12;44;12;35,54;39,08;6;12;108,58;108,58;2,96;9,05;3,26;9,05
RUSSIA;ladies' CROPP;jogging_tops;A;29;64;29;227,45;227,45;9;29;645,72;645,72;7,84;22,27;7,84;22,27
RUSSIA;ladies' CROPP;jogging_tops;B;23;54;23;97,89;98,77;8;23;272,43;272,43;4,26;11,84;4,29;11,84
RUSSIA;ladies' CROPP;jogging_tops;C;25;41;25;89,66;94,33;6;25;254,17;254,17;3,59;10,17;3,77;10,17
RUSSIA;ladies' CROPP;jogging_tops;D;1;44;1;2,43;3,00;7;1;7,57;7,57;2,43;7,57;3,00;7,57
UE;ladies' CROPP;jogging_tops;A;24;64;24;140,96;141,23;9;24;413,90;413,90;5,87;17,25;5,88;17,25
UE;ladies' CROPP;jogging_tops;B;101;60;100;414,00;420,05;9;100;1198,49;1198,49;4,10;11,87;4,16;11,87
UE;ladies' CROPP;jogging_tops;C;104;47;97;331,44;363,31;7;97;974,33;975,64;3,19;9,37;3,49;9,38
UE;ladies' CROPP;jogging_tops;D;44;35;38;98,63;137,54;5;38;300,65;304,12;2,24;6,83;3,13;6,91
Non-UE;ladies' CROPP;skirts;A;3;9;2;21,64;21,64;1;2;50,59;50,59;7,21;16,86;7,21;16,86
Non-UE;ladies' CROPP;skirts;B;10;13;9;77,20;77,20;2;9;178,41;178,41;7,72;17,84;7,72;17,84
Non-UE;ladies' CROPP;skirts;C;2;12;2;12,65;12,65;2;2;28,77;28,77;6,33;14,39;6,33;14,39
Non-UE;ladies' CROPP;skirts;D;9;5;9;59,57;59,57;1;9;105,38;105,38;6,62;11,71;6,62;11,71
RUSSIA;ladies' CROPP;skirts;A;12;20;12;87,75;87,75;3;12;258,69;258,69;7,31;21,56;7,31;21,56
RUSSIA;ladies' CROPP;skirts;B;18;16;18;95,18;95,18;2;18;258,34;258,34;5,29;14,35;5,29;14,35
RUSSIA;ladies' CROPP;skirts;C;33;7;33;139,60;153,56;1;33;313,40;316,40;4,23;9,50;4,65;9,59
RUSSIA;ladies' CROPP;skirts;D;15;5;15;30,12;51,42;1;15;94,61;102,39;2,01;6,31;3,43;6,83
UE;ladies' CROPP;skirts;A;41;20;41;244,79;245,90;3;41;603,26;603,26;5,97;14,71;6,00;14,71
UE;ladies' CROPP;skirts;B;104;17;100;520,31;527,61;2;100;1246,58;1246,58;5,00;11,99;5,07;11,99
UE;ladies' CROPP;skirts;C;95;13;87;426,28;444,75;2;87;954,35;956,66;4,49;10,05;4,68;10,07
UE;ladies' CROPP;skirts;D;33;10;27;103,79;118,13;1;27;245,16;247,12;3,15;7,43;3,58;7,49
Non-UE;ladies' CROPP;dresses;A;5;28;4;30,04;30,04;4;4;79,40;79,40;6,01;15,88;6,01;15,88
Non-UE;ladies' CROPP;dresses;B;11;26;10;62,66;62,66;3;10;154,48;154,48;5,70;14,04;5,70;14,04
Non-UE;ladies' CROPP;dresses;C;8;17;8;33,29;33,92;2;8;78,27;78,27;4,16;9,78;4,24;9,78
RUSSIA;ladies' CROPP;dresses;A;12;36;12;84,47;85,35;5;12;232,36;232,36;7,04;19,36;7,11;19,36
RUSSIA;ladies' CROPP;dresses;B;22;31;22;112,90;113,58;4;22;337,91;337,91;5,13;15,36;5,16;15,36
RUSSIA;ladies' CROPP;dresses;C;28;20;28;112,54;120,72;3;28;325,92;325,92;4,02;11,64;4,31;11,64
RUSSIA;ladies' CROPP;dresses;D;16;11;16;44,39;55,47;1;16;132,96;133,85;2,77;8,31;3,47;8,37
UE;ladies' CROPP;dresses;A;41;38;41;284,57;286,46;5;41;938,02;938,02;6,94;22,88;6,99;22,88
UE;ladies' CROPP;dresses;B;96;35;94;511,03;513,48;5;94;1515,42;1515,42;5,32;15,79;5,35;15,79
UE;ladies' CROPP;dresses;C;96;25;89;434,17;447,56;3;89;1191,61;1193,42;4,52;12,41;4,66;12,43
UE;ladies' CROPP;dresses;D;40;17;35;124,19;141,39;2;35;354,48;359,11;3,10;8,86;3,53;8,98
Non-UE;ladies' CROPP;trousers;A;6;47;5;48,38;48,38;7;5;121,56;121,56;8,06;20,26;8,06;20,26
Non-UE;ladies' CROPP;trousers;B;7;44;6;49,73;49,73;6;6;123,44;123,44;7,10;17,63;7,10;17,63
Non-UE;ladies' CROPP;trousers;C;8;25;8;61,01;61,01;3;8;123,66;123,66;7,63;15,46;7,63;15,46
Non-UE;ladies' CROPP;trousers;D;3;16;3;21,81;21,81;2;3;43,26;43,26;7,27;14,42;7,27;14,42
RUSSIA;ladies' CROPP;trousers;A;28;58;28;225,78;225,78;8;28;650,44;650,44;8,06;23,23;8,06;23,23
RUSSIA;ladies' CROPP;trousers;B;22;40;22;154,96;154,96;6;22;379,55;379,55;7,04;17,25;7,04;17,25
RUSSIA;ladies' CROPP;trousers;C;23;27;23;136,45;136,75;4;23;297,92;297,92;5,93;12,95;5,95;12,95
RUSSIA;ladies' CROPP;trousers;D;5;18;5;30,62;30,70;2;5;61,39;61,39;6,12;12,28;6,14;12,28
UE;ladies' CROPP;trousers;A;22;67;22;174,05;174,25;10;22;521,40;521,40;7,91;23,70;7,92;23,70
UE;ladies' CROPP;trousers;B;102;58;101;612,75;615,09;8;101;1663,07;1663,07;6,01;16,30;6,03;16,30
UE;ladies' CROPP;trousers;C;101;34;93;572,48;576,88;5;93;1274,29;1274,29;5,67;12,62;5,71;12,62
UE;ladies' CROPP;trousers;D;48;15;43;227,76;248,75;2;43;492,23;497,30;4,74;10,25;5,18;10,36
Non-UE;ladies' CROPP;jeans_trousers;A;7;59;5;120,98;120,98;8;5;292,96;292,96;17,28;41,85;17,28;41,85
Non-UE;ladies' CROPP;jeans_trousers;B;9;59;9;97,01;97,01;9;9;214,94;214,94;10,78;23,88;10,78;23,88
Non-UE;ladies' CROPP;jeans_trousers;C;7;48;7;64,79;64,79;7;7;125,37;125,37;9,26;17,91;9,26;17,91
Non-UE;ladies' CROPP;jeans_trousers;D;1;34;1;6,11;6,11;5;1;10,85;10,85;6,11;10,85;6,11;10,85
RUSSIA;ladies' CROPP;jeans_trousers;A;30;58;30;428,07;428,07;8;30;1112,92;1112,92;14,27;37,10;14,27;37,10
RUSSIA;ladies' CROPP;jeans_trousers;B;28;47;28;299,90;299,90;7;28;714,85;714,85;10,71;25,53;10,71;25,53
RUSSIA;ladies' CROPP;jeans_trousers;C;17;35;17;135,11;135,11;5;17;277,94;277,94;7,95;16,35;7,95;16,35
RUSSIA;ladies' CROPP;jeans_trousers;D;3;28;3;25,12;25,12;4;3;39,77;39,77;8,37;13,26;8,37;13,26
UE;ladies' CROPP;jeans_trousers;A;19;67;19;219,35;219,35;10;19;574,88;574,88;11,54;30,26;11,54;30,26
UE;ladies' CROPP;jeans_trousers;B;94;62;93;833,70;833,70;9;93;2065,99;2065,99;8,87;21,98;8,87;21,98
UE;ladies' CROPP;jeans_trousers;C;107;47;101;798,23;798,23;7;101;1685,13;1685,13;7,46;15,75;7,46;15,75
UE;ladies' CROPP;jeans_trousers;D;53;28;45;312,32;317,77;4;45;609,33;609,48;5,89;11,50;6,00;11,50
Non-UE;ladies' CROPP;shorts;A;5;10;3;14,61;20,75;1;3;40,18;40,41;2,92;8,04;4,15;8,08
Non-UE;ladies' CROPP;shorts;B;7;8;6;30,53;34,12;1;6;91,43;91,43;4,36;13,06;4,87;13,06
Non-UE;ladies' CROPP;shorts;C;11;5;11;21,27;45,42;1;11;57,03;62,44;1,93;5,18;4,13;5,68
Non-UE;ladies' CROPP;shorts;D;1;4;1;2,50;4,00;1;1;5,00;5,00;2,50;5,00;4,00;5,00
RUSSIA;ladies' CROPP;shorts;A;9;25;9;28,95;37,92;3;9;108,44;108,44;3,22;12,05;4,21;12,05
RUSSIA;ladies' CROPP;shorts;B;24;16;24;46,21;97,57;2;24;181,85;189,72;1,93;7,58;4,07;7,91
RUSSIA;ladies' CROPP;shorts;C;27;8;27;26,55;108,00;1;27;109,71;145,04;0,98;4,06;4,00;5,37
RUSSIA;ladies' CROPP;shorts;D;18;6;15;17,33;72,00;1;15;63,91;89,55;0,96;3,55;4,00;4,98
UE;ladies' CROPP;shorts;A;42;15;41;140,09;180,47;2;41;459,91;460,20;3,34;10,95;4,30;10,96
UE;ladies' CROPP;shorts;B;100;11;96;248,97;419,94;1;96;832,54;847,41;2,49;8,33;4,20;8,47
UE;ladies' CROPP;shorts;C;95;7;84;144,74;388,98;1;84;502,67;613,56;1,52;5,29;4,09;6,46
UE;ladies' CROPP;shorts;D;36;4;28;33,54;146,07;1;28;108,11;192,04;0,93;3,00;4,06;5,33
Non-UE;ladies' CROPP;outer_jackets;A;5;26;4;68,11;68,11;4;4;158,84;158,84;13,62;31,77;13,62;31,77
Non-UE;ladies' CROPP;outer_jackets;B;8;19;7;81,28;81,28;3;7;180,76;180,76;10,16;22,59;10,16;22,59
Non-UE;ladies' CROPP;outer_jackets;C;9;18;9;77,17;77,17;2;9;169,85;169,85;8,57;18,87;8,57;18,87
Non-UE;ladies' CROPP;outer_jackets;D;2;15;2;16,11;16,11;2;2;31,54;31,54;8,06;15,77;8,06;15,77
RUSSIA;ladies' CROPP;outer_jackets;A;20;29;20;216,00;216,00;4;20;520,18;520,18;10,80;26,01;10,80;26,01
RUSSIA;ladies' CROPP;outer_jackets;B;31;24;31;227,84;227,84;3;31;556,28;556,28;7,35;17,94;7,35;17,94
RUSSIA;ladies' CROPP;outer_jackets;C;21;17;21;108,43;109,73;2;21;244,15;244,15;5,16;11,63;5,23;11,63
RUSSIA;ladies' CROPP;outer_jackets;D;6;16;6;27,74;28,94;2;6;61,20;61,20;4,62;10,20;4,82;10,20
UE;ladies' CROPP;outer_jackets;A;32;32;32;392,46;392,46;5;32;1112,61;1112,61;12,26;34,77;12,26;34,77
UE;ladies' CROPP;outer_jackets;B;91;30;90;848,40;850,29;4;90;2435,59;2431,96;9,32;26,76;9,34;26,72
UE;ladies' CROPP;outer_jackets;C;101;27;95;746,94;746,94;4;95;1816,76;1816,76;7,40;17,99;7,40;17,99
UE;ladies' CROPP;outer_jackets;D;49;22;40;242,31;250,52;3;40;596,05;600,45;4,95;12,16;5,11;12,25
Non-UE;ladies' CROPP;jackets;A;7;16;5;92,43;92,43;2;5;277,77;277,77;13,20;39,68;13,20;39,68
Non-UE;ladies' CROPP;jackets;B;12;13;12;133,65;133,65;2;12;350,12;350,12;11,14;29,18;11,14;29,18
Non-UE;ladies' CROPP;jackets;C;4;13;4;39,68;39,68;2;4;90,16;90,16;9,92;22,54;9,92;22,54
Non-UE;ladies' CROPP;jackets;D;1;12;1;5,06;5,06;2;1;9,98;9,98;5,06;9,98;5,06;9,98
RUSSIA;ladies' CROPP;jackets;A;18;22;18;219,45;219,45;3;18;646,83;646,83;12,19;35,93;12,19;35,93
RUSSIA;ladies' CROPP;jackets;B;26;15;26;261,18;261,18;2;26;727,57;715,61;10,05;27,98;10,05;27,52
RUSSIA;ladies' CROPP;jackets;C;27;10;27;227,66;227,66;1;27;529,83;528,76;8,43;19,62;8,43;19,58
RUSSIA;ladies' CROPP;jackets;D;7;7;7;44,26;44,54;1;7;96,09;96,09;6,32;13,73;6,36;13,73
UE;ladies' CROPP;jackets;A;31;22;31;372,72;372,72;3;31;1199,57;1196,06;12,02;38,70;12,02;38,58
UE;ladies' CROPP;jackets;B;93;19;89;886,28;886,28;3;89;2371,39;2371,39;9,53;25,50;9,53;25,50
UE;ladies' CROPP;jackets;C;106;17;101;824,16;824,16;2;101;1932,30;1932,30;7,78;18,23;7,78;18,23
UE;ladies' CROPP;jackets;D;43;15;33;232,01;236,39;2;33;544,23;545,46;5,40;12,66;5,50;12,69
Non-UE;ladies' CROPP;coats;A;5;6;4;50,21;50,21;1;4;164,61;155,81;10,04;32,92;10,04;31,16
Non-UE;ladies' CROPP;coats;B;8;2;7;56,20;59,56;1;7;107,76;88,34;7,02;13,47;7,45;11,04
Non-UE;ladies' CROPP;coats;C;9;2;8;66,88;70,25;1;8;122,39;121,51;7,43;13,60;7,81;13,50
Non-UE;ladies' CROPP;coats;D;2;1;2;19,93;19,93;1;2;26,14;26,14;9,96;13,07;9,96;13,07
RUSSIA;ladies' CROPP;coats;A;20;7;20;212,70;212,70;1;20;724,81;635,61;10,63;36,24;10,63;31,78
RUSSIA;ladies' CROPP;coats;B;31;4;31;173,79;180,58;1;31;430,12;401,87;5,61;13,87;5,83;12,96
RUSSIA;ladies' CROPP;coats;C;21;2;18;72,40;88,36;1;18;149,36;162,46;3,45;7,11;4,21;7,74
RUSSIA;ladies' CROPP;coats;D;6;2;2;17,21;19,00;1;2;25,46;25,46;2,87;4,24;3,17;4,24
UE;ladies' CROPP;coats;A;32;7;32;282,65;282,65;1;32;1060,81;914,15;8,83;33,15;8,83;28,57
UE;ladies' CROPP;coats;B;91;5;89;669,69;673,29;1;89;1868,55;1784,23;7,36;20,53;7,40;19,61
UE;ladies' CROPP;coats;C;101;3;85;549,43;581,33;1;85;1169,18;1191,02;5,44;11,58;5,76;11,79
UE;ladies' CROPP;coats;D;49;2;17;187,75;220,83;1;17;393,17;418,25;3,83;8,02;4,51;8,54
Non-UE;ladies' CROPP;jeans_shorts;A;7;19;5;32,68;33,11;2;5;104,91;104,91;4,67;14,99;4,73;14,99
Non-UE;ladies' CROPP;jeans_shorts;B;8;17;7;14,31;32,05;2;7;50,33;52,68;1,79;6,29;4,01;6,59
Non-UE;ladies' CROPP;jeans_shorts;C;8;10;8;10,96;32,00;1;8;39,42;42,50;1,37;4,93;4,00;5,31
Non-UE;ladies' CROPP;jeans_shorts;D;1;7;1;2,51;4,00;1;1;9,53;9,53;2,51;9,53;4,00;9,53
RUSSIA;ladies' CROPP;jeans_shorts;A;10;17;9;81,15;81,15;2;9;294,73;294,73;8,12;29,47;8,12;29,47
RUSSIA;ladies' CROPP;jeans_shorts;B;25;11;25;88,73;124,06;1;25;294,75;303,95;3,55;11,79;4,96;12,16
RUSSIA;ladies' CROPP;jeans_shorts;C;23;5;22;50,74;100,64;1;22;135,54;163,59;2,21;5,89;4,38;7,11
RUSSIA;ladies' CROPP;jeans_shorts;D;20;6;7;34,03;82,05;1;7;115,53;128,39;1,70;5,78;4,10;6,42
UE;ladies' CROPP;jeans_shorts;A;39;15;38;185,84;201,07;2;38;528,34;528,34;4,77;13,55;5,16;13,55
UE;ladies' CROPP;jeans_shorts;B;99;13;96;322,19;422,48;2;96;890,99;895,59;3,25;9,00;4,27;9,05
UE;ladies' CROPP;jeans_shorts;C;99;11;90;200,22;397,67;2;90;592,31;615,49;2,02;5,98;4,02;6,22
UE;ladies' CROPP;jeans_shorts;D;36;10;26;44,47;144,00;1;26;157,32;180,24;1,24;4,37;4,00;5,01
Non-UE;men's CROPP;shirts_l_s;A;6;33;5;48,89;48,89;5;5;93,09;93,09;8,15;15,51;8,15;15,51
Non-UE;men's CROPP;shirts_l_s;B;10;28;10;67,23;72,03;4;10;123,07;123,07;6,72;12,31;7,20;12,31
Non-UE;men's CROPP;shirts_l_s;C;5;20;4;28,36;35,34;3;4;51,88;51,88;5,67;10,38;7,07;10,38
Non-UE;men's CROPP;shirts_l_s;D;3;13;3;15,61;21,00;2;3;27,08;27,15;5,20;9,03;7,00;9,05
RUSSIA;men's CROPP;shirts_l_s;A;25;34;25;176,55;199,63;5;25;371,68;339,76;7,06;14,87;7,99;13,59
RUSSIA;men's CROPP;shirts_l_s;B;33;28;33;194,14;236,42;4;33;373,06;373,06;5,88;11,30;7,16;11,30
RUSSIA;men's CROPP;shirts_l_s;C;18;22;18;79,81;126,00;3;18;168,93;168,33;4,43;9,39;7,00;9,35
RUSSIA;men's CROPP;shirts_l_s;D;2;19;2;6,85;14,00;3;2;14,15;14,96;3,42;7,08;7,00;7,48
UE;men's CROPP;shirts_l_s;A;25;36;25;193,74;202,33;5;25;404,82;394,78;7,75;16,19;8,09;15,79
UE;men's CROPP;shirts_l_s;B;88;31;86;552,30;632,21;4;86;1116,43;1113,59;6,28;12,69;7,18;12,65
UE;men's CROPP;shirts_l_s;C;110;24;101;602,83;776,76;3;101;1221,94;1227,16;5,48;11,11;7,06;11,16
UE;men's CROPP;shirts_l_s;D;50;16;45;215,59;351,43;2;45;457,27;475,39;4,31;9,15;7,03;9,51
Non-UE;men's CROPP;shirts_s_s;A;3;16;2;5,06;21,00;2;2;15,67;22,24;1,69;5,22;7,00;7,41
Non-UE;men's CROPP;shirts_s_s;B;8;13;7;10,95;56,00;2;7;36,46;57,97;1,37;4,56;7,00;7,25
Non-UE;men's CROPP;shirts_s_s;C;5;14;4;5,36;35,00;2;4;17,69;35,00;1,07;3,54;7,00;7,00
Non-UE;men's CROPP;shirts_s_s;D;8;11;8;9,29;56,00;2;8;29,79;56,36;1,16;3,72;7,00;7,05
RUSSIA;men's CROPP;shirts_s_s;A;15;9;15;51,48;105,81;1;15;117,83;130,39;3,43;7,86;7,05;8,69
RUSSIA;men's CROPP;shirts_s_s;B;16;8;16;37,44;112,00;1;16;103,65;124,96;2,34;6,48;7,00;7,81
RUSSIA;men's CROPP;shirts_s_s;C;32;7;30;31,37;224,00;1;30;124,98;233,82;0,98;3,91;7,00;7,31
RUSSIA;men's CROPP;shirts_s_s;D;15;5;14;11,31;105,00;1;14;33,22;105,00;0,75;2,21;7,00;7,00
UE;men's CROPP;shirts_s_s;A;39;24;37;136,46;273,65;3;37;350,18;358,77;3,50;8,98;7,02;9,20
UE;men's CROPP;shirts_s_s;B;107;23;106;246,29;749,00;3;106;750,50;849,84;2,30;7,01;7,00;7,94
UE;men's CROPP;shirts_s_s;C;93;16;80;161,18;651,00;2;80;529,54;691,56;1,73;5,69;7,00;7,44
UE;men's CROPP;shirts_s_s;D;34;13;27;33,64;238,00;1;27;142,94;241,84;0,99;4,20;7,00;7,11
Non-UE;men's CROPP;sweaters;A;3;3;2;11,43;18,00;1;2;18,29;20,43;3,81;6,10;6,00;6,81
Non-UE;men's CROPP;sweaters;B;7;2;7;33,08;43,34;1;7;54,31;57,31;4,73;7,76;6,19;8,19
Non-UE;men's CROPP;sweaters;C;7;2;6;10,60;42,00;1;6;17,69;42,00;1,51;2,53;6,00;6,00
Non-UE;men's CROPP;sweaters;D;7;2;6;12,15;42,00;1;6;17,16;42,00;1,74;2,45;6,00;6,00
RUSSIA;men's CROPP;sweaters;A;31;3;31;254,46;263,63;1;31;375,46;365,85;8,21;12,11;8,50;11,80
RUSSIA;men's CROPP;sweaters;B;30;2;30;116,20;184,62;1;30;184,40;222,94;3,87;6,15;6,15;7,43
RUSSIA;men's CROPP;sweaters;C;16;2;16;45,00;96,04;1;16;70,17;100,56;2,81;4,39;6,00;6,28
RUSSIA;men's CROPP;sweaters;D;1;2;1;5,12;6,00;1;1;6,32;6,32;5,12;6,32;6,00;6,32
UE;men's CROPP;sweaters;A;22;3;22;136,83;152,18;1;22;224,34;227,35;6,22;10,20;6,92;10,33
UE;men's CROPP;sweaters;B;94;3;92;410,73;587,21;1;92;707,95;772,81;4,37;7,53;6,25;8,22
UE;men's CROPP;sweaters;C;109;2;103;317,63;657,38;1;103;569,39;750,36;2,91;5,22;6,03;6,88
UE;men's CROPP;sweaters;D;48;2;37;72,38;288,00;1;37;139,47;294,92;1,51;2,91;6,00;6,14
Non-UE;men's CROPP;jogging_tops;A;3;77;2;28,63;28,63;11;2;62,25;62,25;9,54;20,75;9,54;20,75
Non-UE;men's CROPP;jogging_tops;B;7;61;7;57,79;57,79;9;7;107,14;107,14;8,26;15,31;8,26;15,31
Non-UE;men's CROPP;jogging_tops;C;7;39;6;44,82;50,78;5;6;81,48;81,48;6,40;11,64;7,25;11,64
Non-UE;men's CROPP;jogging_tops;D;7;33;7;36,40;49,00;5;7;69,95;69,95;5,20;9,99;7,00;9,99
RUSSIA;men's CROPP;jogging_tops;A;31;67;31;330,55;330,55;10;31;710,80;672,87;10,66;22,93;10,66;21,71
RUSSIA;men's CROPP;jogging_tops;B;30;55;30;228,23;233,50;8;30;455,68;455,68;7,61;15,19;7,78;15,19
RUSSIA;men's CROPP;jogging_tops;C;16;42;16;86,53;112,85;6;16;175,26;175,26;5,41;10,95;7,05;10,95
RUSSIA;men's CROPP;jogging_tops;D;1;39;1;3,21;7,00;6;1;7,84;7,84;3,21;7,84;7,00;7,84
UE;men's CROPP;jogging_tops;A;22;74;22;225,48;225,48;10;22;573,19;565,75;10,25;26,05;10,25;25,72
UE;men's CROPP;jogging_tops;B;94;71;92;697,32;730,10;10;92;1635,47;1624,69;7,42;17,40;7,77;17,28
UE;men's CROPP;jogging_tops;C;109;63;103;602,88;768,87;9;103;1377,63;1377,71;5,53;12,64;7,05;12,64
UE;men's CROPP;jogging_tops;D;48;49;42;166,67;336,00;7;42;417,50;438,46;3,47;8,70;7,00;9,13
Non-UE;men's CROPP;polar_fleecy;A;3;5;2;35,54;35,54;1;2;60,97;60,97;11,85;20,32;11,85;20,32
Non-UE;men's CROPP;polar_fleecy;B;7;4;6;64,47;64,47;1;6;112,97;112,97;9,21;16,14;9,21;16,14
Non-UE;men's CROPP;polar_fleecy;C;7;1;6;27,47;51,53;1;6;35,78;51,78;3,92;5,11;7,36;7,40
Non-UE;men's CROPP;polar_fleecy;D;7;1;6;16,88;49,00;1;6;19,16;49,00;2,41;2,74;7,00;7,00
RUSSIA;men's CROPP;polar_fleecy;A;31;3;31;435,97;438,53;1;31;765,98;685,08;14,06;24,71;14,15;22,10
RUSSIA;men's CROPP;polar_fleecy;B;30;2;20;221,43;261,22;1;20;349,75;362,65;7,38;11,66;8,71;12,09
RUSSIA;men's CROPP;polar_fleecy;C;16;1;6;70,23;120,92;1;6;74,87;125,56;4,39;4,68;7,56;7,85
UE;men's CROPP;polar_fleecy;A;22;4;22;135,19;172,19;1;22;270,51;275,71;6,14;12,30;7,83;12,53
UE;men's CROPP;polar_fleecy;B;94;4;92;453,94;674,40;1;92;949,94;977,34;4,83;10,11;7,17;10,40
UE;men's CROPP;polar_fleecy;C;109;3;101;383,81;774,86;1;101;741,74;899,42;3,52;6,80;7,11;8,25
UE;men's CROPP;polar_fleecy;D;48;3;36;101,46;336,00;1;36;215,26;355,89;2,11;4,48;7,00;7,41
Non-UE;men's CROPP;trousers_woven;A;7;30;6;62,20;63,64;4;6;116,64;116,64;8,89;16,66;9,09;16,66
Non-UE;men's CROPP;trousers_woven;B;9;25;8;73,43;74,75;3;8;131,46;131,46;8,16;14,61;8,31;14,61
Non-UE;men's CROPP;trousers_woven;C;8;16;8;52,22;58,32;2;8;92,14;92,14;6,53;11,52;7,29;11,52
RUSSIA;men's CROPP;trousers_woven;A;38;29;38;560,55;560,66;4;38;1047,23;1047,23;14,75;27,56;14,75;27,56
RUSSIA;men's CROPP;trousers_woven;B;36;19;36;354,04;354,04;2;36;626,60;626,60;9,83;17,41;9,83;17,41
RUSSIA;men's CROPP;trousers_woven;C;4;14;4;30,68;31,16;2;4;50,49;50,49;7,67;12,62;7,79;12,62
UE;men's CROPP;trousers_woven;A;11;34;11;138,93;138,93;5;11;281,81;281,81;12,63;25,62;12,63;25,62
UE;men's CROPP;trousers_woven;B;86;32;85;749,48;761,42;4;85;1444,33;1444,33;8,71;16,79;8,85;16,79
UE;men's CROPP;trousers_woven;C;119;27;112;747,33;876,90;4;112;1436,49;1436,49;6,28;12,07;7,37;12,07
UE;men's CROPP;trousers_woven;D;57;20;48;246,17;399,45;3;48;512,32;535,22;4,32;8,99;7,01;9,39
Non-UE;men's CROPP;jeans_trousers;A;3;61;2;29,80;29,80;9;2;56,21;56,21;9,93;18,74;9,93;18,74
Non-UE;men's CROPP;jeans_trousers;B;9;52;8;81,60;81,60;8;8;162,93;162,93;9,07;18,10;9,07;18,10
Non-UE;men's CROPP;jeans_trousers;C;10;40;10;78,29;79,66;6;10;143,64;138,76;7,83;14,36;7,97;13,88
Non-UE;men's CROPP;jeans_trousers;D;2;29;2;15,16;15,16;4;2;26,80;26,80;7,58;13,40;7,58;13,40
RUSSIA;men's CROPP;jeans_trousers;A;21;57;21;264,28;264,28;8;21;624,20;575,15;12,58;29,72;12,58;27,39
RUSSIA;men's CROPP;jeans_trousers;B;28;48;28;256,12;256,12;7;28;556,79;532,80;9,15;19,89;9,15;19,03
RUSSIA;men's CROPP;jeans_trousers;C;25;36;25;200,07;205,39;5;25;408,96;350,86;8,00;16,36;8,22;14,03
RUSSIA;men's CROPP;jeans_trousers;D;4;23;4;24,79;28,18;3;4;43,55;43,55;6,20;10,89;7,05;10,89
UE;men's CROPP;jeans_trousers;A;32;68;32;430,15;430,15;10;32;1020,52;945,40;13,44;31,89;13,44;29,54
UE;men's CROPP;jeans_trousers;B;94;63;92;862,88;869,71;9;92;1946,38;1893,21;9,18;20,71;9,25;20,14
UE;men's CROPP;jeans_trousers;C;96;51;90;650,42;713,16;7;90;1354,17;1278,28;6,78;14,11;7,43;13,32
UE;men's CROPP;jeans_trousers;D;51;35;45;236,98;364,52;5;45;489,28;505,10;4,65;9,59;7,15;9,90
Non-UE;men's CROPP;shorts_woven;A;5;26;3;19,26;40,00;4;3;44,93;45,05;3,85;8,99;8,00;9,01
Non-UE;men's CROPP;shorts_woven;B;6;25;6;16,83;48,00;4;6;42,89;50,22;2,80;7,15;8,00;8,37
Non-UE;men's CROPP;shorts_woven;C;11;22;10;18,23;88,00;3;10;58,02;88,00;1,66;5,27;8,00;8,00
Non-UE;men's CROPP;shorts_woven;D;2;13;2;2,09;10,00;2;2;6,22;10,00;1,05;3,11;5,00;5,00
RUSSIA;men's CROPP;shorts_woven;A;10;31;10;45,90;80,00;4;10;129,07;129,07;4,59;12,91;8,00;12,91
RUSSIA;men's CROPP;shorts_woven;B;21;24;21;63,64;168,00;3;21;198,06;218,17;3,03;9,43;8,00;10,39
RUSSIA;men's CROPP;shorts_woven;C;29;15;29;50,50;232,00;2;29;185,93;247,90;1,74;6,41;8,00;8,55
RUSSIA;men's CROPP;shorts_woven;D;18;9;15;27,77;90,00;1;15;99,86;117,91;1,54;5,55;5,00;6,55
UE;men's CROPP;shorts_woven;A;41;28;40;178,17;329,30;4;40;452,41;459,54;4,35;11,03;8,03;11,21
UE;men's CROPP;shorts_woven;B;105;24;103;275,70;840,00;3;103;830,76;935,27;2,63;7,91;8,00;8,91
UE;men's CROPP;shorts_woven;C;90;19;80;119,78;720,00;3;80;480,96;752,17;1,33;5,34;8,00;8,36
UE;men's CROPP;shorts_woven;D;37;16;27;28,56;185,00;2;27;133,35;206,99;0,77;3,60;5,00;5,59
Non-UE;men's CROPP;jeans_shorts;A;3;23;1;9,70;24,00;3;1;32,03;32,03;3,23;10,68;8,00;10,68
Non-UE;men's CROPP;jeans_shorts;B;10;21;9;19,34;80,00;3;9;64,79;81,76;1,93;6,48;8,00;8,18
Non-UE;men's CROPP;jeans_shorts;C;11;17;11;15,54;88,00;2;11;53,76;88,00;1,41;4,89;8,00;8,00
RUSSIA;men's CROPP;jeans_shorts;A;6;15;6;32,13;48,00;2;6;111,18;111,18;5,35;18,53;8,00;18,53
RUSSIA;men's CROPP;jeans_shorts;B;24;13;24;37,21;192,00;2;24;155,31;223,53;1,55;6,47;8,00;9,31
RUSSIA;men's CROPP;jeans_shorts;C;26;8;26;31,44;208,00;1;26;121,33;214,13;1,21;4,67;8,00;8,24
RUSSIA;men's CROPP;jeans_shorts;D;22;4;19;17,01;134,43;1;19;57,12;152,79;0,77;2,60;6,11;6,94
UE;men's CROPP;jeans_shorts;A;47;36;46;171,70;376,00;5;46;524,20;534,89;3,65;11,15;8,00;11,38
UE;men's CROPP;jeans_shorts;B;97;32;94;213,49;776,00;4;94;785,11;860,96;2,20;8,09;8,00;8,88
UE;men's CROPP;jeans_shorts;C;94;29;85;100,12;752,00;4;85;442,73;761,96;1,07;4,71;8,00;8,11
UE;men's CROPP;jeans_shorts;D;35;22;25;19,00;210,00;3;25;100,21;213,76;0,54;2,86;6,00;6,11
Non-UE;men's CROPP;outer_jackets;A;7;19;6;112,71;112,71;2;6;228,49;214,29;16,10;32,64;16,10;30,61
Non-UE;men's CROPP;outer_jackets;B;13;17;12;180,04;180,04;2;12;397,86;307,64;13,85;30,60;13,85;23,66
Non-UE;men's CROPP;outer_jackets;C;4;12;4;50,18;50,18;1;4;92,10;79,22;12,54;23,02;12,54;19,80
RUSSIA;men's CROPP;outer_jackets;A;35;22;35;638,73;638,73;3;35;1281,51;1086,16;18,25;36,61;18,25;31,03
RUSSIA;men's CROPP;outer_jackets;B;25;19;25;356,36;356,36;2;25;704,98;569,69;14,25;28,20;14,25;22,79
RUSSIA;men's CROPP;outer_jackets;C;14;13;14;156,61;157,09;2;14;288,52;253,00;11,19;20,61;11,22;18,07
RUSSIA;men's CROPP;outer_jackets;D;4;10;4;33,76;34,63;1;4;57,46;57,26;8,44;14,37;8,66;14,32
UE;men's CROPP;outer_jackets;A;14;25;14;192,88;192,88;3;14;458,64;411,27;13,78;32,76;13,78;29,38
UE;men's CROPP;outer_jackets;B;93;25;92;972,27;973,09;3;92;2227,09;1967,82;10,45;23,95;10,46;21,16
UE;men's CROPP;outer_jackets;C;113;22;105;925,29;952,12;3;105;1892,49;1813,48;8,19;16,75;8,43;16,05
UE;men's CROPP;outer_jackets;D;53;18;47;277,11;373,62;2;47;548,65;573,66;5,23;10,35;7,05;10,82
Non-UE;men's CROPP;jackets;A;5;2;4;66,17;62,88;1;4;85,76;75,17;13,23;17,15;12,58;15,03
Non-UE;men's CROPP;jackets;B;12;1;10;133,41;125,41;1;10;159,55;132,63;11,12;13,30;10,45;11,05
Non-UE;men's CROPP;jackets;C;6;1;6;72,69;58,30;1;6;72,69;58,30;12,12;12,12;9,72;9,72
Non-UE;men's CROPP;jackets;D;1;1;1;9,36;9,36;1;1;9,36;9,36;9,36;9,36;9,36;9,36
RUSSIA;men's CROPP;jackets;A;23;2;23;265,50;258,66;1;23;377,80;300,94;11,54;16,43;11,25;13,08
RUSSIA;men's CROPP;jackets;B;26;2;24;262,28;259,64;1;24;320,12;274,48;10,09;12,31;9,99;10,56
RUSSIA;men's CROPP;jackets;C;24;1;24;214,81;207,83;1;24;279,11;222,45;8,95;11,63;8,66;9,27
RUSSIA;men's CROPP;jackets;D;5;1;5;44,46;42,19;1;5;46,40;42,59;8,89;9,28;8,44;8,52
UE;men's CROPP;jackets;A;28;2;28;256,43;272,56;1;28;356,04;343,78;9,16;12,72;9,73;12,28
UE;men's CROPP;jackets;B;96;2;93;871,13;881,49;1;93;1188,13;996,30;9,07;12,38;9,18;10,38
UE;men's CROPP;jackets;C;109;1;102;909,91;908,37;1;102;996,98;952,89;8,35;9,15;8,33;8,74
UE;men's CROPP;jackets;D;40;1;28;243,70;309,88;1;28;277,45;316,95;6,09;6,94;7,75;7,92
Non-UE;men's CROPP;out_vests;A;5;3;4;55,17;55,17;1;4;88,61;86,49;11,03;17,72;11,03;17,30
Non-UE;men's CROPP;out_vests;B;12;3;10;108,14;110,40;1;10;148,81;148,92;9,01;12,40;9,20;12,41
Non-UE;men's CROPP;out_vests;C;6;2;6;42,57;43,29;1;6;55,46;56,15;7,10;9,24;7,21;9,36
Non-UE;men's CROPP;out_vests;D;1;2;1;6,59;6,59;1;1;9,00;9,00;6,59;9,00;6,59;9,00
RUSSIA;men's CROPP;out_vests;A;23;3;23;266,43;266,89;1;23;359,48;355,37;11,58;15,63;11,60;15,45
RUSSIA;men's CROPP;out_vests;B;26;2;25;223,77;225,45;1;25;302,24;303,88;8,61;11,62;8,67;11,69
RUSSIA;men's CROPP;out_vests;C;24;2;24;183,32;186,85;1;24;230,24;227,99;7,64;9,59;7,79;9,50
RUSSIA;men's CROPP;out_vests;D;5;1;5;31,05;39,17;1;5;39,25;42,90;6,21;7,85;7,83;8,58
UE;men's CROPP;out_vests;A;28;3;28;325,00;330,23;1;28;513,32;504,51;11,61;18,33;11,79;18,02
UE;men's CROPP;out_vests;B;96;3;92;789,27;823,13;1;92;1147,87;1152,71;8,22;11,96;8,57;12,01
UE;men's CROPP;out_vests;C;109;3;102;670,89;726,85;1;102;1012,20;969,02;6,15;9,29;6,67;8,89
UE;men's CROPP;out_vests;D;40;2;28;227,79;258,64;1;28;290,92;308,36;5,69;7,27;6,47;7,71
Non-UE;men's CROPP;coats;A;7;2;6;128,78;128,78;1;6;176,02;156,79;18,40;25,15;18,40;22,40
Non-UE;men's CROPP;coats;B;13;2;12;152,25;152,25;1;12;202,13;200,59;11,71;15,55;11,71;15,43
Non-UE;men's CROPP;coats;C;4;1;3;44,31;44,31;1;3;44,33;44,33;11,08;11,08;11,08;11,08
RUSSIA;men's CROPP;coats;A;35;3;35;637,91;626,33;1;35;1069,56;894,57;18,23;30,56;17,90;25,56
RUSSIA;men's CROPP;coats;B;25;4;25;343,73;343,73;1;25;582,57;502,56;13,75;23,30;13,75;20,10
RUSSIA;men's CROPP;coats;C;14;3;14;148,54;150,07;1;14;219,37;213,79;10,61;15,67;10,72;15,27
RUSSIA;men's CROPP;coats;D;4;3;4;40,32;40,32;1;4;47,39;47,39;10,08;11,85;10,08;11,85
UE;men's CROPP;coats;A;14;3;14;157,56;164,15;1;14;239,05;239,46;11,25;17,08;11,73;17,10
UE;men's CROPP;coats;B;93;2;67;657,93;790,12;1;67;948,29;1040,96;7,07;10,20;8,50;11,19
UE;men's CROPP;coats;C;113;1;33;672,34;954,14;1;33;758,62;1006,33;5,95;6,71;8,44;8,91
UE;men's CROPP;coats;D;53;1;1;73,16;371,00;1;1;73,16;371,00;1,38;1,38;7,00;7,00
Non-UE;men's CROPP;t-shirts_s_s;A;6;173;5;55,18;55,77;26;5;127,96;127,96;9,20;21,33;9,30;21,33
Non-UE;men's CROPP;t-shirts_s_s;B;7;193;7;53,81;59,32;29;7;117,58;117,58;7,69;16,80;8,47;16,80
Non-UE;men's CROPP;t-shirts_s_s;C;10;145;9;43,23;70,00;21;9;104,61;104,61;4,32;10,46;7,00;10,46
Non-UE;men's CROPP;t-shirts_s_s;D;1;119;1;4,26;7,00;18;1;9,93;9,93;4,26;9,93;7,00;9,93
RUSSIA;men's CROPP;t-shirts_s_s;A;24;210;24;298,32;298,32;31;24;758,20;707,48;12,43;31,59;12,43;29,48
RUSSIA;men's CROPP;t-shirts_s_s;B;28;157;28;262,65;264,34;23;28;605,57;603,41;9,38;21,63;9,44;21,55
RUSSIA;men's CROPP;t-shirts_s_s;C;20;92;20;164,52;166,02;13;20;350,59;339,01;8,23;17,53;8,30;16,95
RUSSIA;men's CROPP;t-shirts_s_s;D;6;80;6;29,35;42,00;12;6;72,12;70,43;4,89;12,02;7,00;11,74
UE;men's CROPP;t-shirts_s_s;A;26;222;26;319,70;319,70;33;26;762,94;747,60;12,30;29,34;12,30;28,75
UE;men's CROPP;t-shirts_s_s;B;96;206;95;779,40;824,74;31;95;1689,10;1689,10;8,12;17,59;8,59;17,59
UE;men's CROPP;t-shirts_s_s;C;101;173;93;561,65;715,02;26;93;1218,42;1217,18;5,56;12,06;7,08;12,05
UE;men's CROPP;t-shirts_s_s;D;50;130;45;164,91;350,00;19;45;424,44;437,90;3,30;8,49;7,00;8,76
Non-UE;men's CROPP;t-shirts_l_s;A;6;16;5;74,54;74,54;2;5;156,34;156,34;12,42;26,06;12,42;26,06
Non-UE;men's CROPP;t-shirts_l_s;B;13;19;12;127,36;128,46;3;12;233,51;232,70;9,80;17,96;9,88;17,90
Non-UE;men's CROPP;t-shirts_l_s;C;5;14;5;40,58;40,80;2;5;74,72;65,50;8,12;14,94;8,16;13,10
RUSSIA;men's CROPP;t-shirts_l_s;A;37;15;37;597,24;597,24;2;37;1462,04;1180,36;16,14;39,51;16,14;31,90
RUSSIA;men's CROPP;t-shirts_l_s;B;25;10;25;259,03;259,30;1;25;538,19;499,84;10,36;21,53;10,37;19,99
RUSSIA;men's CROPP;t-shirts_l_s;C;16;6;16;154,78;159,90;1;16;306,46;211,56;9,67;19,15;9,99;13,22
UE;men's CROPP;t-shirts_l_s;A;13;18;13;180,35;183,04;3;13;427,97;382,01;13,87;32,92;14,08;29,39
UE;men's CROPP;t-shirts_l_s;B;94;17;94;891,90;921,81;2;94;2036,13;1849,10;9,49;21,66;9,81;19,67
UE;men's CROPP;t-shirts_l_s;C;109;11;95;806,92;886,39;1;95;1722,37;1418,68;7,40;15,80;8,13;13,02
UE;men's CROPP;t-shirts_l_s;D;57;6;52;310,86;413,23;1;52;648,87;590,46;5,45;11,38;7,25;10,36
Non-UE;men's CROPP;polos;A;9;15;7;36,15;63,00;2;7;108,32;108,32;4,02;12,04;7,00;12,04
Non-UE;men's CROPP;polos;B;13;12;12;48,05;91,00;1;12;131,53;131,62;3,70;10,12;7,00;10,12
Non-UE;men's CROPP;polos;C;2;7;2;6,12;14,00;1;2;21,68;21,68;3,06;10,84;7,00;10,84
RUSSIA;men's CROPP;polos;A;28;14;28;230,41;237,00;2;28;527,63;522,15;8,23;18,84;8,46;18,65
RUSSIA;men's CROPP;polos;B;24;7;24;127,66;173,22;1;24;245,29;252,34;5,32;10,22;7,22;10,51
RUSSIA;men's CROPP;polos;C;19;2;16;51,67;133,44;1;16;87,71;145,46;2,72;4,62;7,02;7,66
RUSSIA;men's CROPP;polos;D;7;4;2;12,38;49,00;1;2;28,13;49,00;1,77;4,02;7,00;7,00
UE;men's CROPP;polos;A;19;14;19;147,22;158,13;2;19;364,10;355,59;7,75;19,16;8,32;18,72
UE;men's CROPP;polos;B;94;10;90;666,17;746,10;1;90;1506,23;1410,20;7,09;16,02;7,94;15,00
UE;men's CROPP;polos;C;111;3;97;859,37;965,84;1;97;1226,23;1218,89;7,74;11,05;8,70;10,98
UE;men's CROPP;polos;D;49;1;34;283,57;388,42;1;34;325,19;417,39;5,79;6,64;7,93;8,52
Non-UE;men's CROPP;trousers_knitted;A;5;25;4;40,87;42,98;3;4;80,23;80,23;8,17;16,05;8,60;16,05
Non-UE;men's CROPP;trousers_knitted;B;9;21;8;70,25;71,37;3;8;131,98;131,98;7,81;14,66;7,93;14,66
Non-UE;men's CROPP;trousers_knitted;C;7;13;7;49,96;54,07;2;7;83,29;83,29;7,14;11,90;7,72;11,90
Non-UE;men's CROPP;trousers_knitted;D;3;10;3;19,36;21,00;2;3;29,78;29,78;6,45;9,93;7,00;9,93
RUSSIA;men's CROPP;trousers_knitted;A;30;29;30;264,19;273,74;4;30;531,81;531,81;8,81;17,73;9,12;17,73
RUSSIA;men's CROPP;trousers_knitted;B;25;23;25;169,72;182,68;3;25;325,68;325,68;6,79;13,03;7,31;13,03
RUSSIA;men's CROPP;trousers_knitted;C;20;18;20;124,00;146,07;2;20;227,06;227,06;6,20;11,35;7,30;11,35
RUSSIA;men's CROPP;trousers_knitted;D;3;14;3;16,28;22,26;2;3;28,12;28,12;5,43;9,37;7,42;9,37
UE;men's CROPP;trousers_knitted;A;21;30;21;182,95;187,59;4;21;397,08;397,08;8,71;18,91;8,93;18,91
UE;men's CROPP;trousers_knitted;B;98;27;96;689,95;739,79;4;96;1503,78;1503,78;7,04;15,34;7,55;15,34
UE;men's CROPP;trousers_knitted;C;104;18;95;643,10;752,66;2;95;1247,68;1251,03;6,18;12,00;7,24;12,03
UE;men's CROPP;trousers_knitted;D;50;12;47;220,77;355,05;1;47;457,01;485,87;4,42;9,14;7,10;9,72
Non-UE;men's CROPP;shorts_knitted;A;4;40;2;16,53;20,00;6;2;41,01;41,01;4,13;10,25;5,00;10,25
Non-UE;men's CROPP;shorts_knitted;B;7;36;7;19,53;35,00;5;7;55,39;57,35;2,79;7,91;5,00;8,19
Non-UE;men's CROPP;shorts_knitted;C;11;27;10;20,96;55,00;4;10;67,65;73,40;1,91;6,15;5,00;6,67
Non-UE;men's CROPP;shorts_knitted;D;2;27;2;2,54;10,00;4;2;9,57;10,00;1,27;4,79;5,00;5,00
RUSSIA;men's CROPP;shorts_knitted;A;8;37;8;47,69;53,83;5;8;125,45;125,89;5,96;15,68;6,73;15,74
RUSSIA;men's CROPP;shorts_knitted;B;13;32;13;57,52;71,35;4;13;167,58;167,58;4,42;12,89;5,49;12,89
RUSSIA;men's CROPP;shorts_knitted;C;28;22;28;73,58;140,00;3;28;244,39;252,62;2,63;8,73;5,00;9,02
RUSSIA;men's CROPP;shorts_knitted;D;29;16;26;44,51;145,00;2;26;176,99;200,30;1,53;6,10;5,00;6,91
UE;men's CROPP;shorts_knitted;A;44;39;43;239,89;272,27;5;43;588,44;588,44;5,45;13,37;6,19;13,37
UE;men's CROPP;shorts_knitted;B;111;35;108;355,65;569,09;5;108;1017,56;1026,56;3,20;9,17;5,13;9,25
UE;men's CROPP;shorts_knitted;C;92;28;84;183,51;461,59;4;84;589,95;634,66;1,99;6,41;5,02;6,90
UE;men's CROPP;shorts_knitted;D;26;26;15;27,42;130,00;4;15;96,76;134,71;1,05;3,72;5,00;5,18
Non-UE;accessories CROPP;L_bags;A;8;43;7;34,15;34,15;6;7;85,34;85,34;4,27;10,67;4,27;10,67
Non-UE;accessories CROPP;L_bags;B;7;39;6;20,05;20,05;5;6;54,43;54,43;2,86;7,78;2,86;7,78
Non-UE;accessories CROPP;L_bags;C;6;33;6;14,13;14,78;5;6;38,92;38,92;2,36;6,49;2,46;6,49
Non-UE;accessories CROPP;L_bags;D;3;24;3;6,90;6,98;4;3;17,86;17,86;2,30;5,95;2,33;5,95
RUSSIA;accessories CROPP;L_bags;A;26;46;26;128,63;128,63;7;26;361,82;361,82;4,95;13,92;4,95;13,92
RUSSIA;accessories CROPP;L_bags;B;32;27;32;99,60;100,11;4;32;286,82;286,82;3,11;8,96;3,13;8,96
RUSSIA;accessories CROPP;L_bags;C;19;21;19;41,75;44,21;3;19;125,22;125,22;2,20;6,59;2,33;6,59
RUSSIA;accessories CROPP;L_bags;D;1;15;1;0,69;2,00;2;1;3,57;3,57;0,69;3,57;2,00;3,57
UE;accessories CROPP;L_bags;A;22;61;22;91,21;91,21;9;22;248,85;248,85;4,15;11,31;4,15;11,31
UE;accessories CROPP;L_bags;B;92;50;87;269,00;271,11;7;87;748,13;748,13;2,92;8,13;2,95;8,13
UE;accessories CROPP;L_bags;C;108;33;100;227,18;244,43;5;100;633,77;633,77;2,10;5,87;2,26;5,87
UE;accessories CROPP;L_bags;D;51;22;48;71,97;105,14;3;48;213,44;216,15;1,41;4,19;2,06;4,24
Non-UE;accessories CROPP;L_belts;A;4;6;3;44,49;44,49;1;3;81,60;79,25;11,12;20,40;11,12;19,81
Non-UE;accessories CROPP;L_belts;B;7;3;6;52,11;52,11;1;6;82,54;77,39;7,44;11,79;7,44;11,06
Non-UE;accessories CROPP;L_belts;C;7;1;6;64,24;64,24;1;6;65,89;65,89;9,18;9,41;9,18;9,41
Non-UE;accessories CROPP;L_belts;D;6;7;1;44,53;44,53;1;1;121,82;90,00;7,42;20,30;7,42;15,00
RUSSIA;accessories CROPP;L_belts;A;16;6;16;120,62;120,62;1;16;219,00;219,00;7,54;13,69;7,54;13,69
RUSSIA;accessories CROPP;L_belts;B;23;3;23;111,44;112,06;1;23;162,02;162,65;4,85;7,04;4,87;7,07
RUSSIA;accessories CROPP;L_belts;C;20;1;14;76,21;83,92;1;14;89,91;96,17;3,81;4,50;4,20;4,81
RUSSIA;accessories CROPP;L_belts;D;19;2;7;86,41;91,84;1;7;104,10;109,53;4,55;5,48;4,83;5,76
UE;accessories CROPP;L_belts;A;36;6;35;254,25;254,25;1;35;499,71;499,71;7,06;13,88;7,06;13,88
UE;accessories CROPP;L_belts;B;103;4;79;648,94;651,83;1;79;1105,88;1090,52;6,30;10,74;6,33;10,59
UE;accessories CROPP;L_belts;C;105;2;57;651,61;663,29;1;57;786,89;791,92;6,21;7,49;6,32;7,54
UE;accessories CROPP;L_belts;D;29;2;12;189,45;192,76;1;12;241,70;242,13;6,53;8,33;6,65;8,35
Non-UE;accessories CROPP;L_gloves;A;9;2;1;7,50;18,00;1;1;14,99;18,00;0,83;1,67;2,00;2,00
UE;accessories CROPP;L_gloves;A;16;2;1;0,00;32,00;1;1;0,00;32,00;0,00;0,00;2,00;2,00
UE;accessories CROPP;L_gloves;B;96;1;2;0,00;192,00;1;2;0,00;192,00;0,00;0,00;2,00;2,00
Non-UE;accessories CROPP;L_hats;A;18;18;16;161,18;161,18;2;16;366,47;366,47;8,95;20,36;8,95;20,36
Non-UE;accessories CROPP;L_hats;B;6;16;6;30,63;30,63;2;6;67,03;67,03;5,10;11,17;5,10;11,17
RUSSIA;accessories CROPP;L_hats;A;23;15;23;128,74;128,74;2;23;321,30;321,30;5,60;13,97;5,60;13,97
RUSSIA;accessories CROPP;L_hats;B;20;10;20;68,25;69,40;1;20;177,26;177,26;3,41;8,86;3,47;8,86
RUSSIA;accessories CROPP;L_hats;C;28;6;28;88,75;94,09;1;28;194,30;195,73;3,17;6,94;3,36;6,99
RUSSIA;accessories CROPP;L_hats;D;7;2;7;12,80;18,10;1;7;24,09;26,19;1,83;3,44;2,59;3,74
UE;accessories CROPP;L_hats;A;15;25;15;95,91;95,91;3;15;268,18;268,18;6,39;17,88;6,39;17,88
UE;accessories CROPP;L_hats;B;106;20;103;469,40;470,32;3;103;1188,25;1182,39;4,43;11,21;4,44;11,15
UE;accessories CROPP;L_hats;C;105;14;97;373,35;374,98;2;97;896,02;896,02;3,56;8,53;3,57;8,53
UE;accessories CROPP;L_hats;D;47;10;44;118,43;128,66;1;44;299,23;301,43;2,52;6,37;2,74;6,41
Non-UE;accessories CROPP;L_scarves;A;4;3;3;13,77;15,95;1;3;20,83;21,04;3,44;5,21;3,99;5,26
Non-UE;accessories CROPP;L_scarves;B;7;4;5;9,67;15,70;1;5;24,05;25,12;1,38;3,44;2,24;3,59
Non-UE;accessories CROPP;L_scarves;C;7;1;7;7,62;15,05;1;7;7,62;15,05;1,09;1,09;2,15;2,15
Non-UE;accessories CROPP;L_scarves;D;6;1;6;5,04;12,00;1;6;6,40;12,00;0,84;1,07;2,00;2,00
RUSSIA;accessories CROPP;L_scarves;A;16;4;16;23,15;37,85;1;16;54,05;60,88;1,45;3,38;2,37;3,80
RUSSIA;accessories CROPP;L_scarves;B;23;3;19;21,73;50,98;1;19;51,58;68,26;0,94;2,24;2,22;2,97
RUSSIA;accessories CROPP;L_scarves;C;20;1;20;14,41;42,09;1;20;19,55;45,62;0,72;0,98;2,10;2,28
RUSSIA;accessories CROPP;L_scarves;D;19;1;16;17,72;41,50;1;16;17,72;41,50;0,93;0,93;2,18;2,18
UE;accessories CROPP;L_scarves;A;36;5;35;95,65;102,95;1;35;183,31;183,97;2,66;5,09;2,86;5,11
UE;accessories CROPP;L_scarves;B;103;4;89;186,63;254,15;1;89;372,69;395,29;1,81;3,62;2,47;3,84
UE;accessories CROPP;L_scarves;C;105;3;42;184,81;252,45;1;42;323,23;359,79;1,76;3,08;2,40;3,43
UE;accessories CROPP;L_scarves;D;29;4;3;37,33;60,03;1;3;115,20;118,77;1,29;3,97;2,07;4,10
Non-UE;accessories CROPP;L_sunglasses;A;6;18;5;41,01;40,27;2;5;67,29;56,80;6,83;11,22;6,71;9,47
Non-UE;accessories CROPP;L_sunglasses;B;6;17;5;27,88;27,88;2;5;50,35;36,00;4,65;8,39;4,65;6,00
Non-UE;accessories CROPP;L_sunglasses;C;9;13;9;36,61;33,06;2;9;60,60;36,00;4,07;6,73;3,67;4,00
Non-UE;accessories CROPP;L_sunglasses;D;3;14;2;9,67;9,46;2;2;18,23;12,00;3,22;6,08;3,15;4,00
RUSSIA;accessories CROPP;L_sunglasses;A;16;20;16;74,37;74,37;3;16;138,76;128,35;4,65;8,67;4,65;8,02
RUSSIA;accessories CROPP;L_sunglasses;B;24;17;24;82,43;83,24;2;24;165,28;138,49;3,43;6,89;3,47;5,77
RUSSIA;accessories CROPP;L_sunglasses;C;24;14;24;53,29;58,20;2;24;134,29;94,58;2,22;5,60;2,43;3,94
RUSSIA;accessories CROPP;L_sunglasses;D;14;13;14;27,03;32,93;2;14;70,44;54,83;1,93;5,03;2,35;3,92
UE;accessories CROPP;L_sunglasses;A;35;19;35;169,35;169,35;2;35;330,66;300,74;4,84;9,45;4,84;8,59
UE;accessories CROPP;L_sunglasses;B;101;14;97;349,59;351,61;2;97;718,85;590,02;3,46;7,12;3,48;5,84
UE;accessories CROPP;L_sunglasses;C;97;9;84;284,79;283,30;1;84;560,87;376,42;2,94;5,78;2,92;3,88
UE;accessories CROPP;L_sunglasses;D;40;6;35;90,64;100,86;1;35;185,56;145,12;2,27;4,64;2,52;3,63
Non-UE;accessories CROPP;L_shoes;A;10;51;9;52,83;54,38;7;9;131,62;131,62;5,28;13,16;5,44;13,16
Non-UE;accessories CROPP;L_shoes;B;14;35;13;54,79;60,37;5;13;138,90;138,90;3,91;9,92;4,31;9,92
RUSSIA;accessories CROPP;L_shoes;A;34;53;34;191,34;191,90;8;34;509,36;509,36;5,63;14,98;5,64;14,98
RUSSIA;accessories CROPP;L_shoes;B;41;28;41;160,50;178,89;4;41;421,03;421,03;3,91;10,27;4,36;10,27
RUSSIA;accessories CROPP;L_shoes;C;3;15;3;6,75;12,00;2;3;16,92;16,94;2,25;5,64;4,00;5,65
UE;accessories CROPP;L_shoes;A;12;57;12;59,80;64,32;8;12;155,92;155,92;4,98;12,99;5,36;12,99
UE;accessories CROPP;L_shoes;B;76;48;74;294,81;335,62;7;74;781,49;781,92;3,88;10,28;4,42;10,29
UE;accessories CROPP;L_shoes;C;129;35;121;401,00;524,88;5;121;978,79;983,06;3,11;7,59;4,07;7,62
UE;accessories CROPP;L_shoes;D;56;20;49;118,78;224,21;3;49;306,57;316,83;2,12;5,47;4,00;5,66
Non-UE;accessories CROPP;L_flip-flops;A;12;11;10;34,01;34,01;1;10;97,44;97,44;2,83;8,12;2,83;8,12
Non-UE;accessories CROPP;L_flip-flops;B;11;6;10;29,68;29,68;1;10;72,09;72,09;2,70;6,55;2,70;6,55
Non-UE;accessories CROPP;L_flip-flops;C;1;11;1;2,24;2,24;2;1;7,14;7,14;2,24;7,14;2,24;7,14
RUSSIA;accessories CROPP;L_flip-flops;A;27;18;26;73,60;73,60;2;26;275,40;275,40;2,73;10,20;2,73;10,20
RUSSIA;accessories CROPP;L_flip-flops;B;35;15;32;42,33;42,33;2;32;176,02;176,02;1,21;5,03;1,21;5,03
RUSSIA;accessories CROPP;L_flip-flops;C;15;10;14;12,15;12,15;1;14;55,07;55,07;0,81;3,67;0,81;3,67
RUSSIA;accessories CROPP;L_flip-flops;D;1;6;1;0,84;0,84;1;1;3,21;3,21;0,84;3,21;0,84;3,21
UE;accessories CROPP;L_flip-flops;A;17;17;17;72,14;72,14;2;17;188,13;188,13;4,24;11,07;4,24;11,07
UE;accessories CROPP;L_flip-flops;B;87;15;82;246,53;246,53;2;82;683,50;683,50;2,83;7,86;2,83;7,86
UE;accessories CROPP;L_flip-flops;C;114;9;107;189,83;189,83;1;107;577,96;577,96;1,67;5,07;1,67;5,07
UE;accessories CROPP;L_flip-flops;D;55;3;36;66,06;66,06;1;36;140,01;140,01;1,20;2,55;1,20;2,55
Non-UE;accessories CROPP;L_others;A;5;60;4;20,43;20,43;9;4;56,94;56,94;4,09;11,39;4,09;11,39
Non-UE;accessories CROPP;L_others;B;7;59;7;25,62;25,62;8;7;67,36;67,36;3,66;9,62;3,66;9,62
Non-UE;accessories CROPP;L_others;C;7;59;6;16,89;17,02;9;6;46,02;46,02;2,41;6,57;2,43;6,57
Non-UE;accessories CROPP;L_others;D;5;48;5;8,64;10,51;7;5;24,93;24,93;1,73;4,99;2,10;4,99
RUSSIA;accessories CROPP;L_others;A;18;98;18;65,91;65,91;14;18;195,91;195,91;3,66;10,88;3,66;10,88
RUSSIA;accessories CROPP;L_others;B;20;80;20;46,67;49,18;12;20;149,26;149,26;2,33;7,46;2,46;7,46
RUSSIA;accessories CROPP;L_others;C;33;65;33;54,14;67,07;9;33;180,22;180,22;1,64;5,46;2,03;5,46
RUSSIA;accessories CROPP;L_others;D;7;60;7;8,13;14,00;8;7;29,80;29,80;1,16;4,26;2,00;4,26
UE;accessories CROPP;L_others;A;34;109;34;135,83;135,83;16;34;397,58;397,58;3,99;11,69;3,99;11,69
UE;accessories CROPP;L_others;B;104;98;98;269,61;271,91;14;98;842,65;842,65;2,59;8,10;2,61;8,10
UE;accessories CROPP;L_others;C;91;76;85;161,81;192,20;11;85;551,89;554,03;1,78;6,06;2,11;6,09
UE;accessories CROPP;L_others;D;44;56;41;44,44;88,17;8;41;175,63;178,57;1,01;3,99;2,00;4,06
Non-UE;accessories CROPP;M_bags;A;5;35;5;32,17;33,62;5;5;70,24;70,24;6,43;14,05;6,72;14,05
Non-UE;accessories CROPP;M_bags;B;9;23;8;38,86;41,34;3;8;81,46;81,46;4,32;9,05;4,59;9,05
Non-UE;accessories CROPP;M_bags;C;9;13;8;20,71;36,00;2;8;50,02;50,02;2,30;5,56;4,00;5,56
Non-UE;accessories CROPP;M_bags;D;1;12;1;1,64;4,00;2;1;4,29;4,29;1,64;4,29;4,00;4,29
RUSSIA;accessories CROPP;M_bags;A;40;34;40;334,83;338,16;5;40;741,32;714,19;8,37;18,53;8,45;17,85
RUSSIA;accessories CROPP;M_bags;B;34;18;34;171,98;176,99;2;34;355,53;355,53;5,06;10,46;5,21;10,46
RUSSIA;accessories CROPP;M_bags;C;3;15;3;6,64;12,00;2;3;17,51;17,51;2,21;5,84;4,00;5,84
RUSSIA;accessories CROPP;M_bags;D;1;11;1;2,28;4,00;2;1;5,33;5,33;2,28;5,33;4,00;5,33
UE;accessories CROPP;M_bags;A;11;40;11;58,22;69,04;6;11;125,38;125,38;5,29;11,40;6,28;11,40
UE;accessories CROPP;M_bags;B;89;36;87;294,90;374,90;5;87;698,05;698,45;3,31;7,84;4,21;7,85
UE;accessories CROPP;M_bags;C;118;25;112;227,34;473,31;3;112;621,38;636,34;1,93;5,27;4,01;5,39
UE;accessories CROPP;M_bags;D;55;18;49;61,32;220,47;2;49;188,91;243,98;1,11;3,43;4,01;4,44
Non-UE;accessories CROPP;M_belts;A;6;25;6;48,73;51,40;4;6;109,15;109,15;8,12;18,19;8,57;18,19
Non-UE;accessories CROPP;M_belts;B;7;22;6;47,68;48,47;3;6;96,24;96,24;6,81;13,75;6,92;13,75
Non-UE;accessories CROPP;M_belts;C;7;22;6;31,13;31,89;3;6;63,13;63,13;4,45;9,02;4,56;9,02
Non-UE;accessories CROPP;M_belts;D;4;19;4;16,16;17,19;3;4;36,08;36,08;4,04;9,02;4,30;9,02
RUSSIA;accessories CROPP;M_belts;A;18;23;18;171,06;182,52;3;18;362,44;331,99;9,50;20,14;10,14;18,44
RUSSIA;accessories CROPP;M_belts;B;27;21;27;183,28;189,75;3;27;377,04;374,35;6,79;13,96;7,03;13,86
RUSSIA;accessories CROPP;M_belts;C;25;18;25;112,81;116,90;2;25;210,91;210,91;4,51;8,44;4,68;8,44
RUSSIA;accessories CROPP;M_belts;D;8;17;8;31,20;35,55;2;8;62,75;62,54;3,90;7,84;4,44;7,82
UE;accessories CROPP;M_belts;A;32;25;32;294,47;299,24;3;32;664,70;641,41;9,20;20,77;9,35;20,04
UE;accessories CROPP;M_belts;B;98;23;97;651,46;674,64;3;97;1456,00;1436,34;6,65;14,86;6,88;14,66
UE;accessories CROPP;M_belts;C;98;20;91;476,70;485,91;3;91;1054,67;1044,83;4,86;10,76;4,96;10,66
UE;accessories CROPP;M_belts;D;45;16;39;127,09;184,73;2;39;295,89;306,87;2,82;6,58;4,11;6,82
Non-UE;accessories CROPP;M_gloves;A;9;1;1;50,86;72,00;1;1;50,86;72,00;5,65;5,65;8,00;8,00
Non-UE;accessories CROPP;M_hats;A;10;23;9;103,26;106,34;3;9;199,69;199,69;10,33;19,97;10,63;19,97
Non-UE;accessories CROPP;M_hats;B;6;18;6;36,57;38,69;2;6;72,30;72,30;6,09;12,05;6,45;12,05
Non-UE;accessories CROPP;M_hats;C;7;17;6;35,47;35,47;2;6;69,52;69,52;5,07;9,93;5,07;9,93
Non-UE;accessories CROPP;M_hats;D;1;12;1;4,42;4,42;2;1;8,72;8,72;4,42;8,72;4,42;8,72
RUSSIA;accessories CROPP;M_hats;A;24;29;24;229,23;235,33;4;24;466,51;464,50;9,55;19,44;9,81;19,35
RUSSIA;accessories CROPP;M_hats;B;29;25;29;178,19;187,60;3;29;384,61;384,61;6,14;13,26;6,47;13,26
RUSSIA;accessories CROPP;M_hats;C;20;17;20;83,27;83,54;2;20;170,94;170,94;4,16;8,55;4,18;8,55
RUSSIA;accessories CROPP;M_hats;D;5;17;5;15,94;17,74;2;5;36,89;36,89;3,19;7,38;3,55;7,38
UE;accessories CROPP;M_hats;A;23;32;23;193,76;208,90;5;23;406,22;406,22;8,42;17,66;9,08;17,66
UE;accessories CROPP;M_hats;B;95;29;93;544,49;601,65;4;93;1114,06;1114,16;5,73;11,73;6,33;11,73
UE;accessories CROPP;M_hats;C;104;22;94;429,26;433,15;3;94;855,34;856,70;4,13;8,22;4,16;8,24
UE;accessories CROPP;M_hats;D;51;17;49;132,37;162,08;2;49;303,40;305,26;2,60;5,95;3,18;5,99
Non-UE;accessories CROPP;M_sunglasses;A;2;14;2;14,62;16,00;2;2;27,27;27,27;7,31;13,64;8,00;13,64
Non-UE;accessories CROPP;M_sunglasses;B;8;14;7;42,30;52,74;2;7;84,92;85,61;5,29;10,62;6,59;10,70
Non-UE;accessories CROPP;M_sunglasses;C;10;9;9;36,78;42,73;1;9;71,39;71,39;3,68;7,14;4,27;7,14
Non-UE;accessories CROPP;M_sunglasses;D;4;9;3;8,17;16,00;1;3;22,86;22,86;2,04;5,71;4,00;5,71
RUSSIA;accessories CROPP;M_sunglasses;A;20;14;20;128,72;171,45;2;20;252,93;254,76;6,44;12,65;8,57;12,74
RUSSIA;accessories CROPP;M_sunglasses;B;30;11;29;148,91;187,02;1;29;276,40;277,29;4,96;9,21;6,23;9,24
RUSSIA;accessories CROPP;M_sunglasses;C;26;6;25;90,77;116,77;1;25;159,77;164,33;3,49;6,15;4,49;6,32
RUSSIA;accessories CROPP;M_sunglasses;D;2;10;2;5,02;8,00;1;2;11,34;11,34;2,51;5,67;4,00;5,67
UE;accessories CROPP;M_sunglasses;A;37;14;37;273,05;319,62;2;37;566,84;568,74;7,38;15,32;8,64;15,37
UE;accessories CROPP;M_sunglasses;B;92;12;86;468,07;578,44;1;86;899,54;903,08;5,09;9,78;6,29;9,82
UE;accessories CROPP;M_sunglasses;C;95;10;87;384,40;428,12;1;87;702,42;703,40;4,05;7,39;4,51;7,40
UE;accessories CROPP;M_sunglasses;D;49;8;40;132,40;206,06;1;40;279,86;291,07;2,70;5,71;4,21;5,94
Non-UE;accessories CROPP;M_shoes;A;10;45;9;87,17;89,59;6;9;180,90;180,90;8,72;18,09;8,96;18,09
Non-UE;accessories CROPP;M_shoes;B;13;30;12;94,66;107,81;4;12;198,78;198,78;7,28;15,29;8,29;15,29
Non-UE;accessories CROPP;M_shoes;C;1;19;1;5,63;6,00;3;1;9,59;9,59;5,63;9,59;6,00;9,59
RUSSIA;accessories CROPP;M_shoes;A;38;50;38;415,96;417,20;7;38;882,72;882,72;10,95;23,23;10,98;23,23
RUSSIA;accessories CROPP;M_shoes;B;37;34;37;280,40;306,71;5;37;586,33;586,33;7,58;15,85;8,29;15,85
RUSSIA;accessories CROPP;M_shoes;C;3;27;3;15,05;18,98;4;3;30,21;30,21;5,02;10,07;6,33;10,07
UE;accessories CROPP;M_shoes;A;8;49;8;60,01;67,42;7;8;130,28;130,28;7,50;16,28;8,43;16,28
UE;accessories CROPP;M_shoes;B;82;43;80;394,91;657,43;6;80;949,42;954,12;4,82;11,58;8,02;11,64
UE;accessories CROPP;M_shoes;C;129;26;123;474,67;774,10;4;123;1102,16;1119,17;3,68;8,54;6,00;8,68
UE;accessories CROPP;M_shoes;D;54;18;43;133,50;324,00;2;43;332,77;363,88;2,47;6,16;6,00;6,74
Non-UE;accessories CROPP;M_flip-flops;A;12;23;10;47,37;72,00;3;10;114,43;115,07;3,95;9,54;6,00;9,59
Non-UE;accessories CROPP;M_flip-flops;B;4;22;3;15,39;24,00;3;3;41,66;41,66;3,85;10,42;6,00;10,42
Non-UE;accessories CROPP;M_flip-flops;C;7;22;7;20,08;42,00;3;7;53,83;54,18;2,87;7,69;6,00;7,74
Non-UE;accessories CROPP;M_flip-flops;D;1;18;1;1,93;6,00;3;1;4,18;6,00;1,93;4,18;6,00;6,00
RUSSIA;accessories CROPP;M_flip-flops;A;25;24;24;96,51;158,63;3;24;327,33;342,35;3,86;13,09;6,35;13,69
RUSSIA;accessories CROPP;M_flip-flops;B;31;14;29;80,07;202,06;2;29;242,97;293,85;2,58;7,84;6,52;9,48
RUSSIA;accessories CROPP;M_flip-flops;C;19;14;16;16,26;114,00;2;16;82,21;120,49;0,86;4,33;6,00;6,34
RUSSIA;accessories CROPP;M_flip-flops;D;3;9;3;0,00;18,00;1;3;0,00;18,00;0,00;0,00;6,00;6,00
UE;accessories CROPP;M_flip-flops;A;19;27;19;60,99;115,10;4;19;175,70;177,38;3,21;9,25;6,06;9,34
UE;accessories CROPP;M_flip-flops;B;96;26;93;224,23;576,00;3;93;720,09;767,94;2,34;7,50;6,00;8,00
UE;accessories CROPP;M_flip-flops;C;105;23;98;145,19;630,00;3;98;547,75;689,09;1,38;5,22;6,00;6,56
UE;accessories CROPP;M_flip-flops;D;53;20;40;46,79;318,00;3;40;214,07;337,43;0,88;4,04;6,00;6,37
Non-UE;accessories CROPP;M_others;D;24;1;21;146,20;195,92;1;21;164,82;213,60;6,09;6,87;8,16;8,90
RUSSIA;accessories CROPP;M_others;A;17;3;17;324,72;326,39;1;17;499,72;499,86;19,10;29,40;19,20;29,40
RUSSIA;accessories CROPP;M_others;B;31;2;31;327,81;331,40;1;31;470,61;472,94;10,57;15,18;10,69;15,26
RUSSIA;accessories CROPP;M_others;C;27;1;26;107,92;153,02;1;26;128,54;167,37;4,00;4,76;5,67;6,20
RUSSIA;accessories CROPP;M_others;D;3;1;2;6,64;15,00;1;2;6,64;15,00;2,21;2,21;5,00;5,00
UE;accessories CROPP;M_others;A;40;5;39;162,87;250,26;1;39;484,67;512,19;4,07;12,12;6,26;12,80
UE;accessories CROPP;M_others;B;99;5;97;193,72;508,92;1;97;621,64;739,32;1,96;6,28;5,14;7,47
UE;accessories CROPP;M_others;C;108;5;94;140,53;572,03;1;94;461,18;731,91;1,30;4,27;5,30;6,78
UE;accessories CROPP;M_others;D;26;5;21;11,63;130,00;1;21;44,07;139,37;0,45;1,69;5,00;5,36
Non-UE;accessories CROPP;L_underwear;A;5;9;4;30,70;30,70;1;4;54,30;54,30;6,14;10,86;6,14;10,86
Non-UE;accessories CROPP;L_underwear;B;9;6;9;57,53;57,53;1;9;93,60;93,60;6,39;10,40;6,39;10,40
Non-UE;accessories CROPP;L_underwear;C;7;6;6;15,97;15,97;1;6;34,81;34,81;2,28;4,97;2,28;4,97
Non-UE;accessories CROPP;L_underwear;D;3;2;3;6,17;6,17;1;3;11,29;11,29;2,06;3,76;2,06;3,76
RUSSIA;accessories CROPP;L_underwear;A;29;9;29;240,27;240,27;1;29;473,61;473,61;8,29;16,33;8,29;16,33
RUSSIA;accessories CROPP;L_underwear;B;30;6;30;162,42;162,42;1;30;297,59;297,59;5,41;9,92;5,41;9,92
RUSSIA;accessories CROPP;L_underwear;C;18;3;18;73,98;73,98;1;18;105,10;105,10;4,11;5,84;4,11;5,84
RUSSIA;accessories CROPP;L_underwear;D;1;3;1;2,95;2,95;1;1;4,29;4,29;2,95;4,29;2,95;4,29
UE;accessories CROPP;L_underwear;A;22;10;22;137,97;137,97;1;22;272,79;272,79;6,27;12,40;6,27;12,40
UE;accessories CROPP;L_underwear;B;94;9;89;423,73;423,73;1;89;880,39;880,39;4,51;9,37;4,51;9,37
UE;accessories CROPP;L_underwear;C;104;7;98;355,59;355,59;1;98;720,34;720,34;3,42;6,93;3,42;6,93
UE;accessories CROPP;L_underwear;D;53;4;50;104,19;104,19;1;50;234,88;234,88;1,97;4,43;1,97;4,43
Non-UE;accessories CROPP;L_socks;A;6;27;5;46,86;46,86;4;5;80,52;80,52;7,81;13,42;7,81;13,42
Non-UE;accessories CROPP;L_socks;B;3;25;3;26,77;26,77;4;3;49,74;49,74;8,92;16,58;8,92;16,58
Non-UE;accessories CROPP;L_socks;C;9;24;8;36,85;36,85;3;8;80,43;80,43;4,09;8,94;4,09;8,94
Non-UE;accessories CROPP;L_socks;D;6;17;6;15,92;17,38;2;6;34,72;34,72;2,65;5,79;2,90;5,79
RUSSIA;accessories CROPP;L_socks;A;17;29;17;157,95;157,95;4;17;316,39;316,39;9,29;18,61;9,29;18,61
RUSSIA;accessories CROPP;L_socks;B;24;20;24;120,22;120,22;3;24;239,03;239,03;5,01;9,96;5,01;9,96
RUSSIA;accessories CROPP;L_socks;C;24;14;24;65,56;67,58;2;24;148,86;148,86;2,73;6,20;2,82;6,20
RUSSIA;accessories CROPP;L_socks;D;13;13;13;24,98;29,86;2;13;64,11;64,11;1,92;4,93;2,30;4,93
UE;accessories CROPP;L_socks;A;34;34;34;298,32;298,32;5;34;734,77;734,77;8,77;21,61;8,77;21,61
UE;accessories CROPP;L_socks;B;103;31;96;577,73;578,61;4;96;1405,32;1405,32;5,61;13,64;5,62;13,64
UE;accessories CROPP;L_socks;C;99;25;93;371,71;372,95;3;93;878,81;878,81;3,75;8,88;3,77;8,88
UE;accessories CROPP;L_socks;D;37;16;35;109,38;115,27;2;35;268,58;268,58;2,96;7,26;3,12;7,26
Non-UE;accessories CROPP;L_swimwear;A;10;21;8;34,07;34,07;3;8;87,64;87,64;3,41;8,76;3,41;8,76
Non-UE;accessories CROPP;L_swimwear;B;12;16;11;25,69;25,69;2;11;73,48;73,48;2,14;6,12;2,14;6,12
Non-UE;accessories CROPP;L_swimwear;C;2;13;2;4,00;4,00;2;2;11,17;11,17;2,00;5,58;2,00;5,58
RUSSIA;accessories CROPP;L_swimwear;A;31;25;30;92,40;92,40;4;30;228,14;228,14;2,98;7,36;2,98;7,36
RUSSIA;accessories CROPP;L_swimwear;B;33;23;32;55,05;55,05;3;32;168,98;168,98;1,67;5,12;1,67;5,12
RUSSIA;accessories CROPP;L_swimwear;C;14;23;11;9,94;9,94;3;11;38,72;38,72;0,71;2,77;0,71;2,77
UE;accessories CROPP;L_swimwear;A;16;25;16;39,98;39,98;4;16;121,67;121,67;2,50;7,60;2,50;7,60
UE;accessories CROPP;L_swimwear;B;85;24;80;126,56;126,56;3;80;454,44;454,44;1,49;5,35;1,49;5,35
UE;accessories CROPP;L_swimwear;C;116;15;109;122,49;122,49;2;109;504,62;504,62;1,06;4,35;1,06;4,35
UE;accessories CROPP;L_swimwear;D;56;8;45;35,83;35,83;1;45;144,92;144,92;0,64;2,59;0,64;2,59
Non-UE;accessories CROPP;L_wallets;A;4;43;3;15,89;15,89;6;3;37,44;37,44;3,97;9,36;3,97;9,36
Non-UE;accessories CROPP;L_wallets;B;7;39;6;20,30;20,30;5;6;51,30;51,30;2,90;7,33;2,90;7,33
Non-UE;accessories CROPP;L_wallets;C;7;35;7;12,94;15,00;5;7;38,70;38,70;1,85;5,53;2,14;5,53
Non-UE;accessories CROPP;L_wallets;D;6;27;6;10,80;12,11;4;6;32,99;32,99;1,80;5,50;2,02;5,50
RUSSIA;accessories CROPP;L_wallets;A;16;41;16;52,26;52,67;6;16;127,62;127,62;3,27;7,98;3,29;7,98
RUSSIA;accessories CROPP;L_wallets;B;23;37;23;52,20;56,54;5;23;151,25;151,25;2,27;6,58;2,46;6,58
RUSSIA;accessories CROPP;L_wallets;C;20;32;20;30,47;40,49;4;20;100,46;100,46;1,52;5,02;2,02;5,02
RUSSIA;accessories CROPP;L_wallets;D;19;24;19;20,43;38,00;3;19;74,02;74,66;1,08;3,90;2,00;3,93
UE;accessories CROPP;L_wallets;A;36;43;35;161,88;161,88;6;35;387,40;387,40;4,50;10,76;4,50;10,76
UE;accessories CROPP;L_wallets;B;103;39;96;292,89;296,70;5;96;755,80;755,80;2,84;7,34;2,88;7,34
UE;accessories CROPP;L_wallets;C;105;35;98;234,13;251,37;5;98;629,70;629,70;2,23;6,00;2,39;6,00
UE;accessories CROPP;L_wallets;D;29;27;28;38,41;61,50;4;28;125,17;127,04;1,32;4,32;2,12;4,38
Non-UE;accessories CROPP;M_underwear;A;5;32;5;47,39;52,72;5;5;105,16;105,16;9,48;21,03;10,54;21,03
Non-UE;accessories CROPP;M_underwear;B;5;22;4;33,90;42,97;3;4;64,27;64,27;6,78;12,85;8,59;12,85
Non-UE;accessories CROPP;M_underwear;C;5;21;5;21,78;30,14;3;5;47,14;47,14;4,36;9,43;6,03;9,43
Non-UE;accessories CROPP;M_underwear;D;9;11;8;26,77;54,00;1;8;55,70;61,55;2,97;6,19;6,00;6,84
RUSSIA;accessories CROPP;M_underwear;A;35;31;35;546,60;550,55;4;35;1117,91;1116,38;15,62;31,94;15,73;31,90
RUSSIA;accessories CROPP;M_underwear;B;31;24;31;241,62;267,81;3;31;495,82;495,82;7,79;15,99;8,64;15,99
RUSSIA;accessories CROPP;M_underwear;C;9;20;9;50,77;57,71;3;9;112,38;112,63;5,64;12,49;6,41;12,51
RUSSIA;accessories CROPP;M_underwear;D;3;19;3;8,55;18,00;3;3;18,55;19,00;2,85;6,18;6,00;6,33
UE;accessories CROPP;M_underwear;A;16;34;16;141,44;167,26;5;16;301,07;301,07;8,84;18,82;10,45;18,82
UE;accessories CROPP;M_underwear;B;96;30;94;640,72;784,75;4;94;1378,95;1379,82;6,67;14,36;8,17;14,37
UE;accessories CROPP;M_underwear;C;116;21;107;560,36;707,25;3;107;1224,75;1229,54;4,83;10,56;6,10;10,60
UE;accessories CROPP;M_underwear;D;45;12;37;146,00;270,70;2;37;348,36;368,48;3,24;7,74;6,02;8,19
Non-UE;accessories CROPP;M_socks;A;6;36;5;73,09;73,09;5;5;157,26;157,26;12,18;26,21;12,18;26,21
Non-UE;accessories CROPP;M_socks;B;6;36;6;50,67;53,48;5;6;104,02;104,02;8,44;17,34;8,91;17,34
Non-UE;accessories CROPP;M_socks;C;6;29;6;30,67;36,00;4;6;60,13;60,13;5,11;10,02;6,00;10,02
Non-UE;accessories CROPP;M_socks;D;6;23;5;21,83;36,00;3;5;44,79;44,79;3,64;7,47;6,00;7,47
RUSSIA;accessories CROPP;M_socks;A;30;34;30;495,65;495,68;5;30;1026,61;1026,61;16,52;34,22;16,52;34,22
RUSSIA;accessories CROPP;M_socks;B;29;28;29;237,93;258,06;4;29;539,18;539,18;8,20;18,59;8,90;18,59
RUSSIA;accessories CROPP;M_socks;C;14;29;14;72,91;86,64;4;14;165,86;165,86;5,21;11,85;6,19;11,85
RUSSIA;accessories CROPP;M_socks;D;5;28;5;17,73;31,34;4;5;42,05;43,33;3,55;8,41;6,27;8,67
UE;accessories CROPP;M_socks;A;20;47;20;254,31;255,69;7;20;558,19;558,19;12,72;27,91;12,78;27,91
UE;accessories CROPP;M_socks;B;96;45;94;711,72;810,07;6;94;1561,17;1561,92;7,41;16,26;8,44;16,27
UE;accessories CROPP;M_socks;C;111;40;103;571,88;678,97;6;103;1180,57;1183,31;5,15;10,64;6,12;10,66
UE;accessories CROPP;M_socks;D;46;34;42;164,05;276,00;5;42;351,72;360,66;3,57;7,65;6,00;7,84
Non-UE;accessories CROPP;M_swimwear;A;5;22;3;22,58;40,00;3;3;52,45;52,45;4,52;10,49;8,00;10,49
Non-UE;accessories CROPP;M_swimwear;B;7;17;7;29,90;42,00;2;7;64,70;64,70;4,27;9,24;6,00;9,24
Non-UE;accessories CROPP;M_swimwear;C;8;10;8;21,58;32,18;1;8;44,49;46,84;2,70;5,56;4,02;5,86
Non-UE;accessories CROPP;M_swimwear;D;4;6;3;12,52;16,58;1;3;26,77;26,77;3,13;6,69;4,14;6,69
RUSSIA;accessories CROPP;M_swimwear;A;28;15;27;158,57;236,43;2;27;442,48;449,23;5,66;15,80;8,44;16,04
RUSSIA;accessories CROPP;M_swimwear;B;30;9;29;89,31;184,54;1;29;245,37;283,80;2,98;8,18;6,15;9,46
RUSSIA;accessories CROPP;M_swimwear;C;18;8;15;46,07;75,16;1;15;125,45;133,76;2,56;6,97;4,18;7,43
RUSSIA;accessories CROPP;M_swimwear;D;2;6;2;0,27;8,00;1;2;1,62;8,00;0,13;0,81;4,00;4,00
UE;accessories CROPP;M_swimwear;A;23;21;23;87,31;184,00;3;23;235,79;242,75;3,80;10,25;8,00;10,55
UE;accessories CROPP;M_swimwear;B;94;16;92;246,99;564,08;2;92;713,74;749,06;2,63;7,59;6,00;7,97
UE;accessories CROPP;M_swimwear;C;107;8;94;174,30;442,03;1;94;552,20;673,93;1,63;5,16;4,13;6,30
UE;accessories CROPP;M_swimwear;D;49;5;40;47,53;201,96;1;40;129,74;262,04;0,97;2,65;4,12;5,35
Non-UE;accessories CROPP;M_wallets;A;2;22;1;9,88;12,00;3;1;20,26;20,26;4,94;10,13;6,00;10,13
Non-UE;accessories CROPP;M_wallets;B;8;20;8;35,77;38,45;2;8;69,70;69,70;4,47;8,71;4,81;8,71
Non-UE;accessories CROPP;M_wallets;C;7;16;6;18,04;18,91;2;6;37,74;37,74;2,58;5,39;2,70;5,39
Non-UE;accessories CROPP;M_wallets;D;7;14;7;13,57;14,89;2;7;32,96;32,96;1,94;4,71;2,13;4,71
RUSSIA;accessories CROPP;M_wallets;A;6;18;6;30,44;38,02;2;6;56,55;57,47;5,07;9,42;6,34;9,58
RUSSIA;accessories CROPP;M_wallets;B;20;18;20;66,04;83,23;2;20;143,90;144,07;3,30;7,19;4,16;7,20
RUSSIA;accessories CROPP;M_wallets;C;30;15;30;82,75;87,23;2;30;177,17;177,17;2,76;5,91;2,91;5,91
RUSSIA;accessories CROPP;M_wallets;D;22;12;22;32,90;45,64;1;22;92,53;93,46;1,50;4,21;2,07;4,25
UE;accessories CROPP;M_wallets;A;48;22;47;326,30;337,29;3;47;690,92;690,92;6,80;14,39;7,03;14,39
UE;accessories CROPP;M_wallets;B;105;20;100;530,76;541,25;2;100;1044,76;1044,76;5,05;9,95;5,15;9,95
UE;accessories CROPP;M_wallets;C;92;16;86;358,92;362,01;2;86;663,50;665,64;3,90;7,21;3,93;7,24
UE;accessories CROPP;M_wallets;D;28;14;26;82,75;87,40;2;26;165,42;165,72;2,96;5,91;3,12;5,92
UE;accessories CROPP;foreign_brands;A;16;1;1;0,00;0,00;1;1;0,00;0,00;0,00;0,00;0,00;0,00
UE;accessories CROPP;foreign_brands;B;96;1;1;0,00;0,00;1;1;0,00;0,00;0,00;0,00;0,00;0,00
UE;accessories CROPP;foreign_brands;D;53;6;1;0,00;0,00;1;1;0,00;0,00;0,00;0,00;0,00;0,00
